station_name,avg_monthly_ridership
1 AVENUE,616013.0
103 STREET,593427.0
103 ST.-CORONA PLAZA,447708.0
104 STREET,84219.0
110 STREET,203209.0
111 STREET,385088.0
116 STREET,585052.0
116 ST.-COLUMBIA UNIVERSITY,294769.0
121 STREET,44960.0
125 STREET,1483857.0
135 STREET,332243.0
137 ST.-CITY COLLEGE,235186.0
138 ST.-GRAND CONCOURSE,76298.0
145 STREET,680288.0
149 ST.-GRAND CONCOURSE,215667.0
15 ST.-PROSPECT PARK,124284.0
155 STREET,102223.0
157 STREET,199365.0
161 ST.-YANKEE STADIUM,506249.0
163 ST.-AMSTERDAM AVE.,80870.0
167 STREET,310254.0
168 ST.-WASHINGTON HTS.,451959.0
169 STREET,150392.0
170 STREET,239731.0
175 STREET,199925.0
176 STREET,100971.0
18 AVENUE,295342.0
18 STREET,157528.0
181 STREET,396656.0
183 STREET,97180.0
190 STREET,82374.0
191 STREET,146888.0
2 AVENUE,391459.0
20 AVENUE,190077.0
207 STREET,117697.0
21 STREET,40571.0
21 ST.-QUEENSBRIDGE,233590.0
215 STREET,45323.0
219 STREET,48422.0
225 STREET,53355.0
23 STREET,1668090.0
231 STREET,167517.0
233 STREET,66606.0
238 STREET,87589.0
25 AVENUE,79998.0
25 STREET,76794.0
28 STREET,963870.0
3 AVENUE,158568.0
3 AVENUE-138 STREET,157686.0
3 AVENUE-149 STREET,358584.0
30 AVENUE,281094.0
33 STREET,547655.0
34 ST.-HERALD SQ.,2209790.0
34 ST.-PENN STATION,3221866.0
36 AVENUE,137167.0
36 STREET,410618.0
4 AVENUE-9 STREET,266508.0
45 STREET,172743.0
46 STREET,164248.0
47-50 STS./ROCKEFELLER CTR.,1150325.0
49 STREET,625819.0
50 STREET,1111520.0
52 STREET,92095.0
53 STREET,189349.0
55 STREET,36408.0
57 STREET,305889.0
59 STREET,275201.0
59 ST.-COLUMBUS CIRCLE,1464421.0
61 ST.-WOODSIDE,355854.0
63 DRIVE-REGO PARK,273343.0
65 STREET,74779.0
66 ST.-LINCOLN CENTER,432952.0
67 AVENUE,157370.0
68 ST.-HUNTER COLLEGE,467526.0
69 STREET,83061.0
7 AVENUE,834640.0
71 STREET,97916.0
72 STREET,1697297.0
75 AVENUE,66487.0
77 STREET,670946.0
79 STREET,449212.0
8 AVENUE,245099.0
8 ST.-NYU,367882.0
80 STREET,80875.0
85 ST.-FOREST PKWY.,54860.0
86 STREET,2342490.0
88 STREET,52658.0
9 AVENUE,118277.0
90 ST.-ELMHURST AVE.,388012.0
96 STREET,1644824.0
ALABAMA AVENUE,40177.0
ALLERTON AVENUE,75241.0
AQUEDUCT-RACETRACK,13684.0
ASTOR PLACE,344968.0
ASTORIA BLVD.,218876.0
ATLANTIC AVENUE,50374.0
BAY 50 STREET,56467.0
BAY PARKWAY,305900.0
BAY RIDGE AVENUE,159739.0
BAYCHESTER AVENUE,47779.0
BEACH 105 STREET,6024.0
BEACH 25 STREET,23587.0
BEACH 36 STREET,10355.0
BEACH 44 STREET,9451.0
BEACH 60 STREET,22667.0
BEACH 67 STREET,31899.0
BEACH 90 STREET,13845.0
BEACH 98 STREET,7672.0
BEDFORD AVENUE,830984.0
BERGEN STREET,346745.0
BEVERLEY ROAD,75657.0
BEVERLY ROAD,92473.0
BOWERY,87373.0
BOWLING GREEN,437864.0
BRIGHTON BEACH,212445.0
BROAD CHANNEL,4491.0
BROAD STREET,124189.0
BROADWAY,350428.0
BRONX PARK EAST,42156.0
BROOK AVENUE,93275.0
BUHRE AVENUE,66938.0
BURKE AVENUE,45236.0
BURNSIDE AVENUE,158850.0
BUSHWICK AVE.-ABERDEEN ST.,50126.0
CANAL STREET,1506268.0
CARROLL STREET,256775.0
CASTLE HILL AVENUE,109269.0
CENTRAL AVENUE,80690.0
CHAMBERS STREET,360151.0
CHAUNCEY STREET,59834.0
CHURCH AVENUE,648097.0
CITY HALL,101667.0
CLARK STREET,141552.0
CLASSON AVENUE,111914.0
CLEVELAND STREET,44632.0
CORTELYOU ROAD,123878.0
CRESCENT STREET,80292.0
CYPRESS AVENUE,52817.0
CYPRESS HILLS,17463.0
DEKALB AVENUE,734450.0
DITMAS AVENUE,72713.0
EAST 105 STREET,51455.0
EAST BROADWAY,326406.0
EASTERN PKWY-BROOKLYN MUSEUM,101355.0
ELDER AVENUE,118228.0
ELMHURST AVE.,273461.0
EUCLID AVENUE,181092.0
FAR ROCKAWAY-MOTT AVE.,73725.0
FLATBUSH AVE.-BROOKLYN COLLEGE,354967.0
FLUSHING AVENUE,237774.0
FORDHAM ROAD,338084.0
FOREST AVENUE,90995.0
FORT HAMILTON PKWY,345000.0
FRANKLIN AVENUE,115601.0
FRANKLIN STREET,126788.0
FREEMAN STREET,78565.0
FRESH POND ROAD,117231.0
FULTON STREET,1862837.0
GATES AVENUE,138048.0
GRAHAM AVENUE,204762.0
GRAND ARMY PLAZA,148911.0
GRAND STREET,646486.0
GRANT AVENUE,98178.0
GREENPOINT AVENUE,229177.0
GUN HILL ROAD,181640.0
HALSEY STREET,299186.0
HEWES STREET,57269.0
HIGH STREET,241108.0
HOUSTON STREET,303213.0
HOWARD BEACH-JFK AIRPORT,119261.0
HOYT STREET,123542.0
HUNTERS POINT AVENUE,88625.0
HUNTS POINT AVENUE,189626.0
INTERVALE AVENUE,58375.0
JACKSON AVENUE,95139.0
JAMAICA-VAN WYCK,96294.0
JEFFERSON STREET,212530.0
JUNCTION BLVD.,564595.0
JUNIUS STREET,48089.0
KINGSBRIDGE ROAD,271928.0
KINGSTON AVENUE,85261.0
KNICKERBOCKER AVENUE,89462.0
LAFAYETTE AVENUE,117537.0
LIBERTY AVENUE,48818.0
LIVONIA AVENUE,55718.0
LONGWOOD AVENUE,56716.0
LORIMER STREET,90852.0
MARCY AVENUE,261531.0
MIDDLETOWN ROAD,35979.0
MONTROSE AVENUE,150511.0
MORGAN AVENUE,172646.0
MORRIS PARK,47204.0
MOSHOLU PKWY.,126328.0
MT. EDEN AVENUE,82486.0
MYRTLE AVENUE,255706.0
NASSAU AVENUE,216075.0
NECK ROAD,86263.0
NEPTUNE AVENUE,28809.0
NEVINS STREET,192469.0
NEW LOTS AVENUE,167304.0
NORTHERN BLVD.,132783.0
NORWOOD AVENUE,50447.0
NOSTRAND AVENUE,435343.0
OCEAN PKWY,57479.0
PARK PLACE,35832.0
PARKSIDE AVENUE,125963.0
PARSONS BLVD.,136095.0
PELHAM BAY PARK,108473.0
PELHAM PKWY.,183661.0
PENNSYLVANIA AVENUE,68049.0
PRINCE STREET,309737.0
PROSPECT AVENUE,234759.0
PROSPECT PARK,208410.0
QUEENS PLAZA,358613.0
QUEENSBORO PLAZA,300745.0
RALPH AVENUE,107682.0
RECTOR STREET,265040.0
ROCKAWAY AVENUE,188965.0
ROCKAWAY BLVD.,135480.0
ROCKAWAY PARK-BEACH 116 ST.,15106.0
ROOSEVELT ISLAND,190156.0
SARATOGA AVENUE,91109.0
SENECA AVENUE,59848.0
SHEEPSHEAD BAY,236305.0
SHEPHERD AVENUE,49869.0
SIMPSON STREET,140559.0
SPRING STREET,599922.0
ST. LAWRENCE AVENUE,79038.0
STEINWAY ST.,252991.0
STERLING STREET,111690.0
SUTPHIN BLVD.,83810.0
SUTTER AVENUE,53470.0
SUTTER AVENUE-RUTLAND ROAD,117736.0
TREMONT AVENUE,151733.0
UNION STREET,173195.0
UTICA AVENUE,302412.0
VAN SICLEN AVENUE,161201.0
VERNON BLVD.-JACKSON AVE.,374426.0
WALL STREET,699818.0
WHITEHALL ST.-SOUTH FERRY,587699.0
WHITLOCK AVENUE,33141.0
WILSON AVENUE,96250.0
WINTHROP STREET,154726.0
WOODHAVEN BLVD.,474768.0
WOODLAWN,118409.0
YORK STREET,332086.0
ZEREGA AVENUE,43003.0
14 ST.-UNION SQUARE,2042039.0
14 STREET,115310.0
WEST 34 STREET/HUDSON YARDS,578606.0
75 ST.-ELDERTS LANE,68539.0
81 ST.-MUSEUM OF NATURAL HISTO,294550.0
82 ST.-JACKSON HEIGHTS,313239.0
AQUEDUCT-NORTH CONDUIT AVE.,15755.0
BEDFORD-NOSTRAND AVENUES,190117.0
BEDFORD PK. BLVD.,121054.0
BEDFORD PK. BLVD.-LEHMAN COLLE,93355.0
CLINTON-WASHINGTON AVENUES,282592.0
EAST 143 ST.-ST. MARY'S STREET,37372.0
GRAND AVE.-NEWTON,380998.0
HOYT-SCHERMERHORN,261035.0
KINGSTON-THROOP AVENUES,140280.0
KOSCIUSKO STREET,118375.0
MYRTLE-WILLOUGHBY AVENUES,102556.0
MYRTLE/WYCKOFF AVENUES,466433.0
WEST 8 STREET-NY AQUARIUM,56104.0
